<application>
  <component name="UISettings">
    <option name="compactTreeIndents" value="true" />
    <option name="LEFT_HORIZONTAL_SPLIT" value="true" />
    <option name="MARK_MODIFIED_TABS_WITH_ASTERISK" value="true" />
    <option name="PRESENTATION_MODE_FONT_SIZE" value="22" />
    <option name="RIGHT_HORIZONTAL_SPLIT" value="true" />
    <option name="SHOW_INPLACE_COMMENTS" value="true" />
    <option name="SHOW_MAIN_TOOLBAR" value="true" />
    <option name="SHOW_PINNED_TABS_IN_A_SEPARATE_ROW" value="true" />
    <option name="SHOW_TOOL_WINDOW_NUMBERS" value="true" />
    <option name="USE_SMALL_LABELS_ON_TABS" value="true" />
    <option name="WIDESCREEN_SUPPORT" value="true" />
  </component>
</application>