<application>
  <component name="MavenWrapperMapping">
    <option name="mapping">
      <map>
        <entry key="https://repo.maven.apache.org/maven2/org/apache/maven/apache-maven/3.6.0/apache-maven-3.6.0-bin.zip" value="C:\Users\hungb\.m2\wrapper\dists\apache-maven-3.6.0-bin\2dakv70gp803gtm5ve1ufmvttn\apache-maven-3.6.0" />
        <entry key="https://repo.maven.apache.org/maven2/org/apache/maven/apache-maven/3.6.3/apache-maven-3.6.3-bin.zip" value="C:\Users\hungb\.m2\wrapper\dists\apache-maven-3.6.3-bin\1iopthnavndlasol9gbrbg6bf2\apache-maven-3.6.3" />
        <entry key="https://repo.maven.apache.org/maven2/org/apache/maven/apache-maven/3.8.1/apache-maven-3.8.1-bin.zip" value="C:\Users\hungb\.m2\wrapper\dists\apache-maven-3.8.1-bin\2l5mhf2pq2clrde7f7qp1rdt5m\apache-maven-3.8.1" />
        <entry key="https://repo.maven.apache.org/maven2/org/apache/maven/apache-maven/3.8.2/apache-maven-3.8.2-bin.zip" value="C:\Users\hungb\.m2\wrapper\dists\apache-maven-3.8.2-bin\1um3pu5poco57pibs3g92d6vrf\apache-maven-3.8.2" />
        <entry key="https://repo1.maven.org/maven2/org/apache/maven/apache-maven/3.5.0/apache-maven-3.5.0-bin.zip" value="C:\Users\hungb\.m2\wrapper\dists\apache-maven-3.5.0-bin\6ps54u5pnnbbpr6ds9rppcc7iv\apache-maven-3.5.0" />
      </map>
    </option>
  </component>
</application>