<application>
  <component name="CodeInsightSettings">
    <option name="ADD_UNAMBIGIOUS_IMPORTS_ON_THE_FLY" value="true" />
  </component>
  <component name="EditorSettings">
    <option name="USE_SOFT_WRAPS" value="CONSOLE" />
  </component>
  <component name="TodoConfiguration">
    <pattern pattern="\btodo\b.*" />
    <pattern pattern="\bfixme\b.*" />
    <pattern useCustomColors="true" pattern="\bnote\b.*">
      <option name="FOREGROUND" value="257dde" />
      <option name="FONT_TYPE" value="2" />
      <option name="ERROR_STRIPE_COLOR" value="54aae3" />
    </pattern>
    <filter name="Todo">
      <pattern index="0" />
    </filter>
    <filter name="Fixme">
      <pattern index="1" />
    </filter>
    <filter name="Note">
      <pattern index="2" />
    </filter>
  </component>
</application>