{
  "gateway_id":"",
  "jdata": {
    "command":"addUser",
    "device_id":"",
    "parameter":{
      "personID"    : "UUID_128bits",
      "familyName"  : "Samuel",
      "firstName"   : "Chen",
      "company"     : "Schindler",
      "enterprise"  : "",
      "department"  : "",
      "profileName" : "default",
      "badgeNo1"    : "D2AF9082",
      "badgeNo2"    : "",
      "badgeNo3"    : "",
      "entryDate"   : "2020-01-01 00:00:00",
      "exitDate"    : "2022-12-31 00:00:00",
      "autoZone"    : "specific,5,1",
      "doorProfile" : "",
      "badgeFormulaNo1": "Mifare_32bits",
      "badgeFormulaNo2": "",
      "badgeFormulaNo3": ""
    }
  }
}