﻿[
  {
    "floor": "T44",
    "zone": "A",
    "inout": "IN",
    "device": "AC_TNP_T44_A_IN",
    "ip": "172.22.126.3"
  },
  {
    "floor": "T1",
    "zone": "A",
    "inout": "IN1",
    "device": "AC_TNP_T1_A_IN1",
    "ip": "172.22.126.4"
  },
  {
    "floor": "T1",
    "zone": "A",
    "inout": "IN2",
    "device": "AC_TNP_T1_A_IN2",
    "ip": "172.22.126.5"
  },
  {
    "floor": "T1",
    "zone": "A",
    "inout": "IN3",
    "device": "AC_TNP_T1_A_IN3",
    "ip": "172.22.126.6"
  },
  {
    "floor": "T1",
    "zone": "A",
    "inout": "IN4",
    "device": "AC_TNP_T1_A_IN4",
    "ip": "172.22.126.7"
  },
  {
    "floor": "T1",
    "zone": "A",
    "inout": "IN5",
    "device": "AC_TNP_T1_A_IN5",
    "ip": "172.22.126.8"
  },
  {
    "floor": "T1",
    "zone": "A",
    "inout": "IN6",
    "device": "AC_TNP_T1_A_IN6",
    "ip": "172.22.126.9"
  },
  {
    "floor": "T1",
    "zone": "A",
    "inout": "IN7",
    "device": "AC_TNP_T1_A_IN7",
    "ip": "172.22.126.10"
  },
  {
    "floor": "T1",
    "zone": "A",
    "inout": "IN8",
    "device": "AC_TNP_T1_A_IN8",
    "ip": "172.22.126.11"
  },
  {
    "floor": "T1",
    "zone": "A",
    "inout": "OUT1",
    "device": "AC_TNP_T1_A_OUT1",
    "ip": "172.22.126.12"
  },
  {
    "floor": "T1",
    "zone": "A",
    "inout": "OUT2",
    "device": "AC_TNP_T1_A_OUT2",
    "ip": "172.22.126.13"
  },
  {
    "floor": "T1",
    "zone": "A",
    "inout": "OUT3",
    "device": "AC_TNP_T1_A_OUT3",
    "ip": "172.22.126.14"
  },
  {
    "floor": "T1",
    "zone": "A",
    "inout": "OUT4",
    "device": "AC_TNP_T1_A_OUT4",
    "ip": "172.22.126.15"
  },
  {
    "floor": "T1",
    "zone": "A",
    "inout": "OUT5",
    "device": "AC_TNP_T1_A_OUT5",
    "ip": "172.22.126.16"
  },
  {
    "floor": "T1",
    "zone": "A",
    "inout": "OUT6",
    "device": "AC_TNP_T1_A_OUT6",
    "ip": "172.22.126.17"
  },
  {
    "floor": "T1",
    "zone": "A",
    "inout": "OUT7",
    "device": "AC_TNP_T1_A_OUT7",
    "ip": "172.22.126.18"
  },
  {
    "floor": "T1",
    "zone": "A",
    "inout": "OUT8",
    "device": "AC_TNP_T1_A_OUT8",
    "ip": "172.22.126.19"
  },
  {
    "floor": "T1",
    "zone": "A",
    "inout": "LETAN",
    "device": "AC_TNP_T1_A_LETAN",
    "ip": "172.22.126.20"
  },
  {
    "floor": "T1",
    "zone": "A",
    "inout": "SERVER",
    "device": "AC_TNP_T1_A_SERVER",
    "ip": "172.22.126.21"
  },
  {
    "floor": "T1",
    "zone": "A",
    "inout": "THANGBO1",
    "device": "AC_TNP_T1_A_THANGBO1",
    "ip": "172.22.126.22"
  },
  {
    "floor": "T1",
    "zone": "A",
    "inout": "THANGBO2",
    "device": "AC_TNP_T1_A_THANGBO2",
    "ip": "172.22.126.23"
  },
  {
    "floor": "T1",
    "zone": "B",
    "inout": "IN1",
    "device": "AC_TNP_T1_B_IN1",
    "ip": "172.22.126.24"
  },
  {
    "floor": "T1",
    "zone": "B",
    "inout": "IN2",
    "device": "AC_TNP_T1_B_IN2",
    "ip": "172.22.126.25"
  },
  {
    "floor": "T1",
    "zone": "B",
    "inout": "IN3",
    "device": "AC_TNP_T1_B_IN3",
    "ip": "172.22.126.26"
  },
  {
    "floor": "T1",
    "zone": "B",
    "inout": "IN4",
    "device": "AC_TNP_T1_B_IN4",
    "ip": "172.22.126.27"
  },
  {
    "floor": "T1",
    "zone": "B",
    "inout": "IN5",
    "device": "AC_TNP_T1_B_IN5",
    "ip": "172.22.126.28"
  },
  {
    "floor": "T1",
    "zone": "B",
    "inout": "IN6",
    "device": "AC_TNP_T1_B_IN6",
    "ip": "172.22.126.29"
  },
  {
    "floor": "T1",
    "zone": "B",
    "inout": "IN7",
    "device": "AC_TNP_T1_B_IN7",
    "ip": "172.22.126.30"
  },
  {
    "floor": "T1",
    "zone": "B",
    "inout": "IN8",
    "device": "AC_TNP_T1_B_IN8",
    "ip": "172.22.126.31"
  },
  {
    "floor": "T1",
    "zone": "B",
    "inout": "OUT1",
    "device": "AC_TNP_T1_B_OUT1",
    "ip": "172.22.126.32"
  },
  {
    "floor": "T1",
    "zone": "B",
    "inout": "OUT2",
    "device": "AC_TNP_T1_B_OUT2",
    "ip": "172.22.126.33"
  },
  {
    "floor": "T1",
    "zone": "B",
    "inout": "OUT3",
    "device": "AC_TNP_T1_B_OUT3",
    "ip": "172.22.126.34"
  },
  {
    "floor": "T1",
    "zone": "B",
    "inout": "OUT4",
    "device": "AC_TNP_T1_B_OUT4",
    "ip": "172.22.126.35"
  },
  {
    "floor": "T1",
    "zone": "B",
    "inout": "OUT5",
    "device": "AC_TNP_T1_B_OUT5",
    "ip": "172.22.126.36"
  },
  {
    "floor": "T1",
    "zone": "B",
    "inout": "OUT6",
    "device": "AC_TNP_T1_B_OUT6",
    "ip": "172.22.126.37"
  },
  {
    "floor": "T1",
    "zone": "B",
    "inout": "OUT7",
    "device": "AC_TNP_T1_B_OUT7",
    "ip": "172.22.126.38"
  },
  {
    "floor": "T1",
    "zone": "B",
    "inout": "OUT8",
    "device": "AC_TNP_T1_B_OUT8",
    "ip": "172.22.126.39"
  },
  {
    "floor": "B1",
    "zone": "A",
    "inout": "IN1",
    "device": "AC_TNP_B1_A_IN1",
    "ip": "172.22.126.40"
  },
  {
    "floor": "B1",
    "zone": "A",
    "inout": "IN2",
    "device": "AC_TNP_B1_A_IN2",
    "ip": "172.22.126.41"
  },
  {
    "floor": "B1",
    "zone": "A",
    "inout": "IN3",
    "device": "AC_TNP_B1_A_IN3",
    "ip": "172.22.126.42"
  },
  {
    "floor": "B1",
    "zone": "A",
    "inout": "IN4",
    "device": "AC_TNP_B1_A_IN4",
    "ip": "172.22.126.43"
  },
  {
    "floor": "B1",
    "zone": "A",
    "inout": "IN5",
    "device": "AC_TNP_B1_A_IN5",
    "ip": "172.22.126.44"
  },
  {
    "floor": "B1",
    "zone": "A",
    "inout": "IN6",
    "device": "AC_TNP_B1_A_IN6",
    "ip": "172.22.126.45"
  },
  {
    "floor": "B1",
    "zone": "B",
    "inout": "IN1",
    "device": "AC_TNP_B1_B_IN1",
    "ip": "172.22.126.46"
  },
  {
    "floor": "B1",
    "zone": "B",
    "inout": "IN2",
    "device": "AC_TNP_B1_B_IN2",
    "ip": "172.22.126.47"
  },
  {
    "floor": "B1",
    "zone": "B",
    "inout": "IN3",
    "device": "AC_TNP_B1_B_IN3",
    "ip": "172.22.126.48"
  },
  {
    "floor": "B1",
    "zone": "B",
    "inout": "IN4",
    "device": "AC_TNP_B1_B_IN4",
    "ip": "172.22.126.49"
  },
  {
    "floor": "B1",
    "zone": "B",
    "inout": "IN5",
    "device": "AC_TNP_B1_B_IN5",
    "ip": "172.22.126.50"
  },
  {
    "floor": "B1",
    "zone": "B",
    "inout": "IN6",
    "device": "AC_TNP_B1_B_IN6",
    "ip": "172.22.126.51"
  },
  {
    "floor": "B1",
    "zone": "B",
    "inout": "IN7",
    "device": "AC_TNP_B1_B_IN7",
    "ip": "172.22.126.52"
  },
  {
    "floor": "B1",
    "zone": "B",
    "inout": "IN8",
    "device": "AC_TNP_B1_B_IN8",
    "ip": "172.22.126.53"
  },
  {
    "floor": "B1",
    "zone": "B",
    "inout": "IN9",
    "device": "AC_TNP_B1_B_IN9",
    "ip": "172.22.126.54"
  },
  {
    "floor": "B1",
    "zone": "B",
    "inout": "IN10",
    "device": "AC_TNP_B1_B_IN10",
    "ip": "172.22.126.55"
  },
  {
    "floor": "B1",
    "zone": "B",
    "inout": "IN11",
    "device": "AC_TNP_B1_B_IN11",
    "ip": "172.22.126.56"
  },
  {
    "floor": "B1",
    "zone": "B",
    "inout": "IN12",
    "device": "AC_TNP_B1_B_IN12",
    "ip": "172.22.126.57"
  },
  {
    "floor": "B1",
    "zone": "B",
    "inout": "THANGBO1",
    "device": "AC_TNP_B1_B_THANGBO1",
    "ip": "172.22.126.58"
  },
  {
    "floor": "B2",
    "zone": "A",
    "inout": "IN1",
    "device": "AC_TNP_B2_A_IN1",
    "ip": "172.22.126.59"
  },
  {
    "floor": "B2",
    "zone": "A",
    "inout": "IN2",
    "device": "AC_TNP_B2_A_IN2",
    "ip": "172.22.126.60"
  },
  {
    "floor": "B2",
    "zone": "A",
    "inout": "IN3",
    "device": "AC_TNP_B2_A_IN3",
    "ip": "172.22.126.61"
  },
  {
    "floor": "B2",
    "zone": "A",
    "inout": "IN4",
    "device": "AC_TNP_B2_A_IN4",
    "ip": "172.22.126.62"
  },
  {
    "floor": "B2",
    "zone": "A",
    "inout": "IN5",
    "device": "AC_TNP_B2_A_IN5",
    "ip": "172.22.126.63"
  },
  {
    "floor": "B2",
    "zone": "A",
    "inout": "IN6",
    "device": "AC_TNP_B2_A_IN6",
    "ip": "172.22.126.64"
  },
  {
    "floor": "B2",
    "zone": "A",
    "inout": "IN7",
    "device": "AC_TNP_B2_A_IN7",
    "ip": "172.22.126.65"
  },
  {
    "floor": "B2",
    "zone": "A",
    "inout": "IN8",
    "device": "AC_TNP_B2_A_IN8",
    "ip": "172.22.126.66"
  },
  {
    "floor": "B2",
    "zone": "A",
    "inout": "IN9",
    "device": "AC_TNP_B2_A_IN9",
    "ip": "172.22.126.67"
  },
  {
    "floor": "B2",
    "zone": "A",
    "inout": "IN10",
    "device": "AC_TNP_B2_A_IN10",
    "ip": "172.22.126.68"
  },
  {
    "floor": "B2",
    "zone": "A",
    "inout": "IN11",
    "device": "AC_TNP_B2_A_IN11",
    "ip": "172.22.126.69"
  },
  {
    "floor": "B2",
    "zone": "A",
    "inout": "IN12",
    "device": "AC_TNP_B2_A_IN12",
    "ip": "172.22.126.70"
  },
  {
    "floor": "B2",
    "zone": "B",
    "inout": "IN1",
    "device": "AC_TNP_B2_B_IN1",
    "ip": "172.22.126.71"
  },
  {
    "floor": "B2",
    "zone": "B",
    "inout": "IN2",
    "device": "AC_TNP_B2_B_IN2",
    "ip": "172.22.126.72"
  },
  {
    "floor": "B2",
    "zone": "B",
    "inout": "IN3",
    "device": "AC_TNP_B2_B_IN3",
    "ip": "172.22.126.73"
  },
  {
    "floor": "B2",
    "zone": "B",
    "inout": "IN4",
    "device": "AC_TNP_B2_B_IN4",
    "ip": "172.22.126.74"
  },
  {
    "floor": "B2",
    "zone": "B",
    "inout": "IN5",
    "device": "AC_TNP_B2_B_IN5",
    "ip": "172.22.126.75"
  },
  {
    "floor": "B2",
    "zone": "B",
    "inout": "IN6",
    "device": "AC_TNP_B2_B_IN6",
    "ip": "172.22.126.76"
  },
  {
    "floor": "B2",
    "zone": "B",
    "inout": "IN7",
    "device": "AC_TNP_B2_B_IN7",
    "ip": "172.22.126.77"
  },
  {
    "floor": "B2",
    "zone": "B",
    "inout": "IN8",
    "device": "AC_TNP_B2_B_IN8",
    "ip": "172.22.126.78"
  },
  {
    "floor": "B2",
    "zone": "B",
    "inout": "IN9",
    "device": "AC_TNP_B2_B_IN9",
    "ip": "172.22.126.79"
  },
  {
    "floor": "B2",
    "zone": "B",
    "inout": "IN10",
    "device": "AC_TNP_B2_B_IN10",
    "ip": "172.22.126.80"
  },
  {
    "floor": "B2",
    "zone": "B",
    "inout": "IN11",
    "device": "AC_TNP_B2_B_IN11",
    "ip": "172.22.126.81"
  },
  {
    "floor": "B2",
    "zone": "B",
    "inout": "IN12",
    "device": "AC_TNP_B2_B_IN12",
    "ip": "172.22.126.82"
  },
  {
    "floor": "B2",
    "zone": "B",
    "inout": "THANGBO1",
    "device": "AC_TNP_B2_B_THANGBO1",
    "ip": "172.22.126.83"
  },
  {
    "floor": "B3",
    "zone": "A",
    "inout": "IN1",
    "device": "AC_TNP_B3_A_IN1",
    "ip": "172.22.126.84"
  },
  {
    "floor": "B3",
    "zone": "A",
    "inout": "IN2",
    "device": "AC_TNP_B3_A_IN2",
    "ip": "172.22.126.85"
  },
  {
    "floor": "B3",
    "zone": "A",
    "inout": "IN3",
    "device": "AC_TNP_B3_A_IN3",
    "ip": "172.22.126.86"
  },
  {
    "floor": "B3",
    "zone": "A",
    "inout": "IN4",
    "device": "AC_TNP_B3_A_IN4",
    "ip": "172.22.126.87"
  },
  {
    "floor": "B3",
    "zone": "A",
    "inout": "IN5",
    "device": "AC_TNP_B3_A_IN5",
    "ip": "172.22.126.88"
  },
  {
    "floor": "B3",
    "zone": "A",
    "inout": "IN6",
    "device": "AC_TNP_B3_A_IN6",
    "ip": "172.22.126.89"
  },
  {
    "floor": "B3",
    "zone": "A",
    "inout": "IN7",
    "device": "AC_TNP_B3_A_IN7",
    "ip": "172.22.126.90"
  },
  {
    "floor": "B3",
    "zone": "A",
    "inout": "IN8",
    "device": "AC_TNP_B3_A_IN8",
    "ip": "172.22.126.91"
  },
  {
    "floor": "B3",
    "zone": "A",
    "inout": "IN9",
    "device": "AC_TNP_B3_A_IN9",
    "ip": "172.22.126.92"
  },
  {
    "floor": "B3",
    "zone": "A",
    "inout": "IN10",
    "device": "AC_TNP_B3_A_IN10",
    "ip": "172.22.126.93"
  },
  {
    "floor": "B3",
    "zone": "A",
    "inout": "IN11",
    "device": "AC_TNP_B3_A_IN11",
    "ip": "172.22.126.94"
  },
  {
    "floor": "B3",
    "zone": "A",
    "inout": "IN12",
    "device": "AC_TNP_B3_A_IN12",
    "ip": "172.22.126.95"
  },
  {
    "floor": "B3",
    "zone": "B",
    "inout": "IN1",
    "device": "AC_TNP_B3_B_IN1",
    "ip": "172.22.126.96"
  },
  {
    "floor": "B3",
    "zone": "B",
    "inout": "IN2",
    "device": "AC_TNP_B3_B_IN2",
    "ip": "172.22.126.97"
  },
  {
    "floor": "B3",
    "zone": "B",
    "inout": "IN3",
    "device": "AC_TNP_B3_B_IN3",
    "ip": "172.22.126.98"
  },
  {
    "floor": "B3",
    "zone": "B",
    "inout": "IN4",
    "device": "AC_TNP_B3_B_IN4",
    "ip": "172.22.126.99"
  },
  {
    "floor": "B3",
    "zone": "B",
    "inout": "IN5",
    "device": "AC_TNP_B3_B_IN5",
    "ip": "172.22.126.100"
  },
  {
    "floor": "B3",
    "zone": "B",
    "inout": "IN6",
    "device": "AC_TNP_B3_B_IN6",
    "ip": "172.22.126.101"
  },
  {
    "floor": "B3",
    "zone": "B",
    "inout": "IN7",
    "device": "AC_TNP_B3_B_IN7",
    "ip": "172.22.126.102"
  },
  {
    "floor": "B3",
    "zone": "B",
    "inout": "IN8",
    "device": "AC_TNP_B3_B_IN8",
    "ip": "172.22.126.103"
  },
  {
    "floor": "B3",
    "zone": "B",
    "inout": "IN9",
    "device": "AC_TNP_B3_B_IN9",
    "ip": "172.22.126.104"
  },
  {
    "floor": "B3",
    "zone": "B",
    "inout": "IN10",
    "device": "AC_TNP_B3_B_IN10",
    "ip": "172.22.126.105"
  },
  {
    "floor": "B3",
    "zone": "B",
    "inout": "IN11",
    "device": "AC_TNP_B3_B_IN11",
    "ip": "172.22.126.106"
  },
  {
    "floor": "B3",
    "zone": "B",
    "inout": "IN12",
    "device": "AC_TNP_B3_B_IN12",
    "ip": "172.22.126.107"
  },
  {
    "floor": "B3",
    "zone": "B",
    "inout": "THANGBO1",
    "device": "AC_TNP_B3_B_THANGBO1",
    "ip": "172.22.126.108"
  }
]